key,text,context,level_ids
roboya.hint.listen,"Hmm, birlikte düşünelim. Kaplumbağa nerede? Ben hangi yöne bakıyorum?",İpucu 1. kademe: sesli ipucu (YZ-01),
roboya.hint.check_card,Şu titreyen karta bir bakalım. Burada başka bir kart mı olmalı?,İpucu 2. kademe: hatalı kart vurgulanır (YZ-01),
roboya.hint.show_card,İşte bu kart! Onu buraya koyalım mı?,İpucu 3. kademe: doğru kart gösterilir (YZ-01),
roboya.bump.01,"Ups! Tak diye çarptım. Hiç sorun değil, bir daha deneyelim!",Robot engele veya kenara çarptığında; ceza yok,
roboya.not_there.01,"Hmm, daha varamadık. Planımıza bir daha bakalım mı?",Program bitti ama hedefe ulaşılamadı,
roboya.missing_items.01,Az kaldı! Ama toplamamız gereken bir şey unuttuk sanki.,Program bitti ama nesneler eksik,
roboya.success.generic,Yaşasın! Başardık!,Genel başarı,
roboya.play_prompt,Planın hazır mı? O zaman oynat düğmesine bas!,Plan şeridi doluyken,
card.forward.intro,Bu ileri kartı. Onu koyunca bir adım ileri giderim.,YON-01 kart tanıtım anı,sabir-ormani.yon-avcisi.01
card.turn_right.intro,"Bu sağa dön kartı. Olduğum yerde sağa dönerim, yürümem.",YON-01 kart tanıtım anı,sabir-ormani.yon-avcisi.03
card.turn_left.intro,Bu da sola dön kartı. Olduğum yerde sola dönerim.,YON-01 kart tanıtım anı,sabir-ormani.yon-avcisi.05
yon_avcisi.l01.intro,"Merhaba! Ben Roboya. Bilge Kaplumbağa'nın yanına gitmek istiyorum. İleri kartlarını yola koyalım, sonra oynat düğmesine basalım!",Bölüm girişi; destekli ilk bölüm,sabir-ormani.yon-avcisi.01
yon_avcisi.l01.success,"Merhaba Bilge Kaplumbağa! Bak, ilk kodumuzu birlikte yazdık!",Bölüm sonu,sabir-ormani.yon-avcisi.01
yon_avcisi.l02.intro,Kaplumbağa biraz daha uzakta. Kaç tane ileri kartı gerekir acaba?,Bölüm girişi,sabir-ormani.yon-avcisi.02
yon_avcisi.l02.success,"Tam yerinde durdum. Önce plan, sonra yürüyüş!",Bölüm sonu,sabir-ormani.yon-avcisi.02
yon_avcisi.l03.intro,"Bu sefer yol dönüyor. Yeni bir kartımız var, sağa dön kartı!",Bölüm girişi; sağa dön tanıtımı,sabir-ormani.yon-avcisi.03
yon_avcisi.l03.success,Döndüm ve vardım! Sağa dön kartı çok işe yaradı.,Bölüm sonu,sabir-ormani.yon-avcisi.03
yon_avcisi.l04.intro,Kaplumbağa ağacın arkasında bekliyor. Yolu birlikte planlayalım.,Bölüm girişi,sabir-ormani.yon-avcisi.04
yon_avcisi.l04.success,"Acele etmedik, planı bitirip öyle yürüdük. İşte sabır bu!",Bölüm sonu,sabir-ormani.yon-avcisi.04
yon_avcisi.l05.intro,Yeni bir kart daha: sola dön! Kaplumbağa bu sefer sol tarafta.,Bölüm girişi; sola dön tanıtımı,sabir-ormani.yon-avcisi.05
yon_avcisi.l05.success,Artık hem sağa hem sola dönebiliyorum!,Bölüm sonu,sabir-ormani.yon-avcisi.05
yon_avcisi.l06.intro,"Dikkat, bu sefer başka yöne bakıyorum! Benim gözlerimle düşünelim.",Bölüm girişi,sabir-ormani.yon-avcisi.06
yon_avcisi.l06.success,Benim baktığım yönü düşündün. Harika!,Bölüm sonu,sabir-ormani.yon-avcisi.06
yon_avcisi.l07.intro,"Eyvah, yola bir kütük devrilmiş! Etrafından dolaşabilir miyiz?",Bölüm girişi; ilk engel,sabir-ormani.yon-avcisi.07
yon_avcisi.l07.success,Kütüğün etrafından dolaştık. Sabırla plan yapınca her yol açılıyor!,Bölüm sonu,sabir-ormani.yon-avcisi.07
yon_avcisi.l08.intro,"Kaplumbağa elma çok sever. Önce elmayı alalım, sonra ona götürelim!",Bölüm girişi; ilk toplama,sabir-ormani.yon-avcisi.08
yon_avcisi.l08.success,"Al bakalım Bilge Kaplumbağa, kırmızı elman!",Bölüm sonu,sabir-ormani.yon-avcisi.08
yon_avcisi.l09.intro,Bu sefer bir elma ve bir armut var. Hangisini önce alalım?,Bölüm girişi,sabir-ormani.yon-avcisi.09
yon_avcisi.l09.success,İki meyveyi de topladık! Kaplumbağa çok mutlu.,Bölüm sonu,sabir-ormani.yon-avcisi.09
yon_avcisi.l10.intro,"Bak, orada parlayan bir çark var! Gemimin parçası olabilir. Elmayı da unutmayalım!",Bölüm girişi; bölge finali,sabir-ormani.yon-avcisi.10
yon_avcisi.l10.success,"Gemimin çarkını bulduk! Teşekkürler, sabırlı arkadaşım!",Bölüm sonu,sabir-ormani.yon-avcisi.10
map.welcome,Sabır Ormanı'na hoş geldin! Hangi taşa gidelim?,Patika ekranı açılışı (F1-05),
map.region_locked,Orası daha sonra açılacak! Önce Sabır Ormanı'nda yardım edelim.,Ada haritasında kapalı bölgeye dokunma,
roboya.locked_wait,Önce bir önceki taşa gidelim!,Patikada sırası gelmemiş taşa dokunma,
roboya.ask_grownup,Devamını oynamak için büyüklerine sorar mısın?,Ücretsiz bölümlerin sonu (GLR-01); satış dili yok,
reward.part_unlocked,Gemimin yeni bir parçasını bulduk! Haritada yerine takalım.,Gemi parçası kazanma anı (ILR-03),
workshop.welcome,"Gemimi birlikte onarıyoruz! Bak, ne kadar yol aldık.",Gemi atölyesi açılışı (ILR-03),
roboya.alternative_offer,"Bu bölüm biraz zor oldu, olsun! İstersen önce daha kolay bir bölümü deneyelim.",Beş başarısız denemeden sonra daha kolay bölüm teklifi (YZ-03),
onboarding.welcome,Merhaba! Ben Roboya. Başlamak için bir büyüğünün yardımına ihtiyacım var.,İlk açılış: veli kilidine yönlendirme (A1),
rest.battery_empty,"Şarjım bitti! Biraz dinlenelim, yarın yine oynarız. Güle güle!",Günlük süre dolunca; devam eden bölüm bitebilir (VEL-02),
bal_pesinde.forgot_clear,Arı eski komutları da hatırlıyor! Yeni bir yol için önce temizle tuşuna basalım.,BAL-02: temizlemeyi unutunca öğretici uyarı; ipucu da bunu söyler,
kodlama_kutusu.l01.intro,"Bu bir kodlama kutusu! Kartları doğru sıraya dizelim, sonra ben yürürüm.",Bölüm girişi,sabir-ormani.kodlama-kutusu.01
kodlama_kutusu.l01.success,Kartlar yerli yerinde! Arkamda bıraktığım izlere bak.,Bölüm sonu,sabir-ormani.kodlama-kutusu.01
kodlama_kutusu.l02.intro,"Aaa, bu kodda bir hata saklanıyor! Hata avcısı olalım. Yanlış kartı bulabilir misin?",Bölüm girişi,sabir-ormani.kodlama-kutusu.02
kodlama_kutusu.l02.success,"Hatayı buldun, harikasın! Şimdi doğru yoldan gittim.",Bölüm sonu,sabir-ormani.kodlama-kutusu.02
kodlama_kutusu.l03.intro,"Kutuda yeni bir yol var. Önce yukarı, sonra sağa gidelim.",Bölüm girişi,sabir-ormani.kodlama-kutusu.03
kodlama_kutusu.l03.success,Tam doğru sıra! İzlerim planla aynı.,Bölüm sonu,sabir-ormani.kodlama-kutusu.03
kodlama_kutusu.l04.intro,"Bu kodda yine bir hata var. Hangi kart yanlış, bulalım!",Bölüm girişi,sabir-ormani.kodlama-kutusu.04
kodlama_kutusu.l04.success,Yakaladın! Hata avcılığı ne güzel.,Bölüm sonu,sabir-ormani.kodlama-kutusu.04
kodlama_kutusu.l05.intro,Kutuda engeller var. Çarpmadan dolaşmak için önce plan yapalım.,Bölüm girişi,sabir-ormani.kodlama-kutusu.05
kodlama_kutusu.l05.success,Engele çarpmadan vardım! Sabırlı planlamak işe yaradı.,Bölüm sonu,sabir-ormani.kodlama-kutusu.05
kodlama_kutusu.l06.intro,Altı kartlık bir kod! İçinde tek bir hata var. Bulabilir misin?,Bölüm girişi,sabir-ormani.kodlama-kutusu.06
kodlama_kutusu.l06.success,Hata ortadan kalktı! Çok dikkatlisin.,Bölüm sonu,sabir-ormani.kodlama-kutusu.06
kodlama_kutusu.l07.intro,"Önce elmayı alalım, sonra çıkışa gidelim. Sırayı iyi düşün!",Bölüm girişi,sabir-ormani.kodlama-kutusu.07
kodlama_kutusu.l07.success,"Elmayı aldık, çıkışa vardık! Ne güzel plan.",Bölüm sonu,sabir-ormani.kodlama-kutusu.07
kodlama_kutusu.l08.intro,"Bu kodda iki hata var! Dikkatli bak, hangi kartlar yanlış?",Bölüm girişi,sabir-ormani.kodlama-kutusu.08
kodlama_kutusu.l08.success,İki hatayı da yakaladın! Çok iyi bir hata avcısısın.,Bölüm sonu,sabir-ormani.kodlama-kutusu.08
kodlama_kutusu.l09.intro,Armudu alıp çıkışa gitmem lazım ama kodda bir hata var. Bulalım!,Bölüm girişi,sabir-ormani.kodlama-kutusu.09
kodlama_kutusu.l09.success,"Armut cebimde, hata düzeldi! Aferin sana.",Bölüm sonu,sabir-ormani.kodlama-kutusu.09
kodlama_kutusu.l10.intro,"Bu yol uzun! Kartları sabırla dizelim, adım adım gidelim.",Bölüm girişi,sabir-ormani.kodlama-kutusu.10
kodlama_kutusu.l10.success,Uzun yolu bitirdik! Sabır ne güzel şey.,Bölüm sonu,sabir-ormani.kodlama-kutusu.10
kodlama_kutusu.l11.intro,Sekiz kartlık bir kod ve içinde iki hata! Beraber bulalım.,Bölüm girişi,sabir-ormani.kodlama-kutusu.11
kodlama_kutusu.l11.success,"Hatalar bulundu, kod tıkır tıkır çalışıyor!",Bölüm sonu,sabir-ormani.kodlama-kutusu.11
kodlama_kutusu.l12.intro,Kutunun son bölümü! İki meyveyi toplayıp çıkışa gidelim. Sabırla planlayalım.,Bölüm girişi,sabir-ormani.kodlama-kutusu.12
kodlama_kutusu.l12.success,Kutuyu tamamladık! Hepsini sabırla çözdük.,Bölüm sonu,sabir-ormani.kodlama-kutusu.12
bal_pesinde.l01.intro,"Bu benim arkadaşım, arı! Sırtındaki tuşlarla ona yolu öğretiriz. Çiçeğe gidelim, bal alalım!",Bölüm girişi,sabir-ormani.bal-pesinde.01
bal_pesinde.l01.success,Çiçeğe vardı! Arı yolu hatırladı bile.,Bölüm sonu,sabir-ormani.bal-pesinde.01
bal_pesinde.l02.intro,"Bu sefer yolda üç çiçek var. Hepsini toplayalım, sayalım!",Bölüm girişi,sabir-ormani.bal-pesinde.02
bal_pesinde.l02.success,"Bir, iki, üç! Üç çiçek topladık.",Bölüm sonu,sabir-ormani.bal-pesinde.02
bal_pesinde.l03.intro,"Mor çiçeği istiyorum, sarıya dokunmayalım. Arı eski komutları unutmaz, gerekirse temizle tuşuna basarız.",Bölüm girişi,sabir-ormani.bal-pesinde.03
bal_pesinde.l03.success,Mor çiçek tamam! Doğru rengi buldun.,Bölüm sonu,sabir-ormani.bal-pesinde.03
bal_pesinde.l04.intro,Bu sefer iki kırmızı çiçek lazım. Mavi çiçeği bırakalım!,Bölüm girişi,sabir-ormani.bal-pesinde.04
bal_pesinde.l04.success,İki kırmızı çiçek de bizde! Renkleri iyi ayırdın.,Bölüm sonu,sabir-ormani.bal-pesinde.04
bal_pesinde.l05.intro,Çiçekler yol yol dizilmiş! Üçünü de toplayabilir miyiz?,Bölüm girişi,sabir-ormani.bal-pesinde.05
bal_pesinde.l05.success,Üç çiçek tamam! Sayıyı hiç şaşırmadın.,Bölüm sonu,sabir-ormani.bal-pesinde.05
bal_pesinde.l06.intro,İki bal damlası görüyorum! Engellere çarpmadan toplayalım.,Bölüm girişi,sabir-ormani.bal-pesinde.06
bal_pesinde.l06.success,Bal damlalarını topladık! Ne tatlı bir gün.,Bölüm sonu,sabir-ormani.bal-pesinde.06
bal_pesinde.l07.intro,Artık arının belleğini görebiliyoruz. Üç çiçeği toplamak için dikkatli planlayalım.,Bölüm girişi,sabir-ormani.bal-pesinde.07
bal_pesinde.l07.success,Üç çiçek! Belleği görünce planlamak kolaylaştı.,Bölüm sonu,sabir-ormani.bal-pesinde.07
bal_pesinde.l08.intro,Çiçekler engelin arkasında! Arıyı dolaştıralım.,Bölüm girişi,sabir-ormani.bal-pesinde.08
bal_pesinde.l08.success,İki çiçek de bizde! Arı dolaşmayı öğrendi.,Bölüm sonu,sabir-ormani.bal-pesinde.08
bal_pesinde.l09.intro,Bu çiçekler basamak basamak yükseliyor. Sırayı iyi düşünelim!,Bölüm girişi,sabir-ormani.bal-pesinde.09
bal_pesinde.l09.success,Basamakları tırmandık! Üç çiçek tamam.,Bölüm sonu,sabir-ormani.bal-pesinde.09
bal_pesinde.l10.intro,"Üç bal damlası, uzun bir yol! Arının belleği dolmasın, dikkatli olalım.",Bölüm girişi,sabir-ormani.bal-pesinde.10
bal_pesinde.l10.success,Üç damla bal! Sabırlı arı mutlu arı.,Bölüm sonu,sabir-ormani.bal-pesinde.10
bal_pesinde.l11.intro,Beş çiçek! Parmaklarla sayabilir miyiz? Hadi toplayalım.,Bölüm girişi,sabir-ormani.bal-pesinde.11
bal_pesinde.l11.success,"Bir, iki, üç, dört, beş! Hepsi tamam.",Bölüm sonu,sabir-ormani.bal-pesinde.11
bal_pesinde.l12.intro,"Bal Peşinde'nin son yolu, biraz dolambaçlı! Üç bal damlasını toplayalım.",Bölüm girişi,sabir-ormani.bal-pesinde.12
bal_pesinde.l12.success,Tüm balı topladık! Arı da biz de çok mutluyuz.,Bölüm sonu,sabir-ormani.bal-pesinde.12
yon_avcisi.l11.intro,"Bak, bir armut! Engellerin arasından geçip alalım, sonra çıkışa gidelim.",Bölüm girişi,sabir-ormani.yon-avcisi.11
yon_avcisi.l11.success,Armut bizde! Dolambaçlı yolu çözdük.,Bölüm sonu,sabir-ormani.yon-avcisi.11
yon_avcisi.l12.intro,Bilge Kaplumbağa son sınavı hazırladı! İki meyveyi toplayıp çıkışa gidelim.,Bölüm girişi,sabir-ormani.yon-avcisi.12
yon_avcisi.l12.success,"Başardık! Orman yollarının sırrını çözdük, Bilge Kaplumbağa çok gurur duydu.",Bölüm sonu,sabir-ormani.yon-avcisi.12
